source_path,source_line,heading_level,source_heading,disposition,replacement_ids,removal_commit
README.md,0,0,<document>,pending,,
README.md,1,1,RedRhex Hexapod Robot - Isaac Lab RL Training Project,pending,,
README.md,9,2,Overview,pending,,
README.md,18,2,Project Structure,pending,,
README.md,45,2,Prerequisites,pending,,
README.md,53,2,Installation,pending,,
README.md,55,3,1. Clone the Repository,pending,,
README.md,62,3,2. Install RedRhex Package,pending,,
README.md,73,3,3. Verify Installation,pending,,
README.md,83,2,Quick Start,pending,,
README.md,85,3,Training a New Policy,pending,,
README.md,101,3,Playing a Trained Model,pending,,
README.md,111,3,Testing with Dummy Agents,pending,,
README.md,121,2,Configuration,pending,,
README.md,123,3,Main Environment Configuration,pending,,
README.md,153,3,Training Configuration,pending,,
README.md,169,2,Robot Specifications,pending,,
README.md,179,2,Training Tips,pending,,
README.md,190,2,Troubleshooting,pending,,
README.md,192,3,Physics Explosion,pending,,
README.md,200,3,Slow Convergence,pending,,
README.md,208,3,Memory Issues with Large num_envs,pending,,
README.md,216,3,Import Errors,pending,,
README.md,229,2,Performance Metrics,pending,,
README.md,231,3,Expected Training Results,pending,,
README.md,237,3,Convergence Speed,pending,,
README.md,242,2,Contributing,pending,,
README.md,250,2,Code Style,pending,,
README.md,263,2,References,pending,,
README.md,269,2,Team,pending,,
README.md,273,2,License,pending,,
README.md,277,2,Contact,pending,,
docs/2026_Midterm.md,0,0,<document>,pending,,
docs/2026_Midterm.md,1,1,RedRHex 2026 期中報告,pending,,
docs/2026_Midterm.md,9,2,1. 這次我做了什麼,pending,,
docs/2026_Midterm.md,36,2,2. 我怎麼從文獻推導出這次改革,pending,,
docs/2026_Midterm.md,45,3,"2.1 ETH RSL — Learning Robust Perceptive Locomotion (Miki et al., 2022)",pending,,
docs/2026_Midterm.md,86,3,"2.2 ETH RSL — ANYmal Parkour (Hoeller et al., 2024)",pending,,
docs/2026_Midterm.md,125,3,"2.3 UC Berkeley / CMU — RMA: Rapid Motor Adaptation (Kumar et al., 2021)",pending,,
docs/2026_Midterm.md,171,3,"2.4 CMU — Extreme Parkour (Cheng et al., 2023)",pending,,
docs/2026_Midterm.md,210,3,"2.5 KAIST — DreamWaQ (Nahrendra et al., 2023)",pending,,
docs/2026_Midterm.md,249,3,"2.6 CTS — Concurrent Teacher-Student (Wang et al., 2024)",pending,,
docs/2026_Midterm.md,289,3,"2.7 ETH RSL — Symmetry-aware RL (Mittal et al., 2024)",pending,,
docs/2026_Midterm.md,314,3,2.8 UC Berkeley Hybrid Robotics — Morphological Symmetry (IROS 2024),pending,,
docs/2026_Midterm.md,336,3,"2.9 ETH RSL — Actuator Network / Sim-to-Real Actuation Awareness (Hwangbo et al., 2019)",pending,,
docs/2026_Midterm.md,361,3,2.10 NVIDIA / Boston Dynamics — Spot locomotion in Isaac Lab (2024),pending,,
docs/2026_Midterm.md,389,3,"2.11 MPC vs RL Benchmark (Akki & Chen, 2025)",pending,,
docs/2026_Midterm.md,412,3,"2.12 EPFL BioRob — CPG-RL (Bellegarda & Ijspeert, 2022)",pending,,
docs/2026_Midterm.md,442,2,3. 我對原始 RedRHex codebase 的診斷,pending,,
docs/2026_Midterm.md,469,2,4. 這次我實際改了哪些程式,pending,,
docs/2026_Midterm.md,473,3,4.1 地形課程與 rough terrain generator,pending,,
docs/2026_Midterm.md,506,3,4.2 致動器 realism：從理想隱式驅動改為 DCMotor,pending,,
docs/2026_Midterm.md,540,3,4.3 History actor + privileged critic + teacher observation,pending,,
docs/2026_Midterm.md,594,3,4.4 腿級別 domain randomization 與故障注入,pending,,
docs/2026_Midterm.md,630,3,4.5 左右對稱資料增強,pending,,
docs/2026_Midterm.md,661,3,4.6 新的 PPO、teacher、distillation 訓練配置,pending,,
docs/2026_Midterm.md,719,3,4.7 驗證與閉環工具,pending,,
docs/2026_Midterm.md,745,3,4.8 小型修補：diagnostic cap,pending,,
docs/2026_Midterm.md,765,2,5. 現在 reward 與權重是怎麼設定的,pending,,
docs/2026_Midterm.md,773,3,5.1 reward 設計哲學,pending,,
docs/2026_Midterm.md,778,3,5.2 主要 reward 權重,pending,,
docs/2026_Midterm.md,802,3,5.3 能效 reward,pending,,
docs/2026_Midterm.md,835,3,5.4 ForwardFast 設定,pending,,
docs/2026_Midterm.md,850,2,6. 機器人到底用到了哪些資料，為什麼它拿得到,pending,,
docs/2026_Midterm.md,854,3,6.1 部署期 actor 可用資料,pending,,
docs/2026_Midterm.md,881,3,6.2 訓練期 privileged 資料,pending,,
docs/2026_Midterm.md,913,2,7. 驗證方法、命令與結果,pending,,
docs/2026_Midterm.md,917,3,7.1 驗證命令,pending,,
docs/2026_Midterm.md,919,4,A. 基本環境 smoke,pending,,
docs/2026_Midterm.md,931,4,B. PPO smoke,pending,,
docs/2026_Midterm.md,946,4,C. Teacher + Distillation smoke,pending,,
docs/2026_Midterm.md,962,3,7.2 實際結果,pending,,
docs/2026_Midterm.md,964,4,A. 基本環境 smoke,pending,,
docs/2026_Midterm.md,994,4,B. PPO smoke,pending,,
docs/2026_Midterm.md,1019,4,C. Teacher + Distillation smoke,pending,,
docs/2026_Midterm.md,1064,2,8. 這次改革「有沒有達到成效」,pending,,
docs/2026_Midterm.md,1066,3,8.1 已經被驗證的成效,pending,,
docs/2026_Midterm.md,1085,3,8.2 還不能過度宣稱的地方,pending,,
docs/2026_Midterm.md,1095,3,8.3 為什麼我仍然認為這次改革是有效的,pending,,
docs/2026_Midterm.md,1113,2,9. 我建議的下一階段實驗,pending,,
docs/2026_Midterm.md,1115,3,9.1 必做,pending,,
docs/2026_Midterm.md,1147,4,9.1.1 可直接照抄的完整操作流程,pending,,
docs/2026_Midterm.md,1250,3,9.2 要量的指標,pending,,
docs/2026_Midterm.md,1260,3,9.3 如果你要對標 MPC,pending,,
docs/2026_Midterm.md,1274,2,10. 本次修改檔案總表,pending,,
docs/2026_Midterm.md,1287,2,11. 參考來源,pending,,
docs/2026_Midterm.md,1335,2,12. 總結,pending,,
docs/COMMANDS.md,0,0,<document>,pending,,
docs/COMMANDS.md,1,1,RedRHex 新 Ubuntu 操作指令,pending,,
docs/COMMANDS.md,7,2,1. 這台機器的固定路徑,pending,,
docs/COMMANDS.md,29,2,2. 每次開新終端機先做這段,pending,,
docs/COMMANDS.md,47,2,3. 第一次 setup 或換機器後要做,pending,,
docs/COMMANDS.md,49,3,3.1 安裝 RedRHex package,pending,,
docs/COMMANDS.md,58,3,3.2 安裝並拉 Git LFS 資源,pending,,
docs/COMMANDS.md,81,2,4. 驗證環境是否接好,pending,,
docs/COMMANDS.md,83,3,4.1 確認 Isaac Lab launcher 使用正確 Python,pending,,
docs/COMMANDS.md,95,3,4.2 列出 RedRHex task,pending,,
docs/COMMANDS.md,109,2,5. 開始 train,pending,,
docs/COMMANDS.md,111,3,5.1 最小 smoke test,pending,,
docs/COMMANDS.md,124,3,5.1.1 一鍵 disposable smoke pipeline,pending,,
docs/COMMANDS.md,165,3,5.2 小規模 debug train,pending,,
docs/COMMANDS.md,178,3,5.3 正式 train,pending,,
docs/COMMANDS.md,201,2,6. 從 checkpoint 繼續 train,pending,,
docs/COMMANDS.md,241,2,7. 開始 play,pending,,
docs/COMMANDS.md,243,3,7.1 GUI 播放單一模型,pending,,
docs/COMMANDS.md,253,3,7.2 播放最新 run 的最新 checkpoint,pending,,
docs/COMMANDS.md,274,3,7.3 Headless 錄影播放,pending,,
docs/COMMANDS.md,299,2,8. TensorBoard,pending,,
docs/COMMANDS.md,314,2,8.1 Training Panel,pending,,
docs/COMMANDS.md,365,2,9. 目前這台機器已驗證到哪裡,pending,,
docs/COMMANDS.md,381,2,10. 常見錯誤,pending,,
docs/COMMANDS.md,383,3,`ModuleNotFoundError: No module named 'isaaclab'`,pending,,
docs/COMMANDS.md,394,3,`ModuleNotFoundError: No module named 'pxr'`,pending,,
docs/COMMANDS.md,402,3,`RedRhex.usd` 打不開或只有 130 bytes,pending,,
docs/COMMANDS.md,412,3,`tabs: terminal type 'dumb' cannot reset tabs`,pending,,
docs/COMMANDS.md,418,3,CUDA out of memory,pending,,
docs/COMMANDS.md,428,2,11. 最短版每日流程,pending,,
docs/energy_aware_reward_integration_report.md,0,0,<document>,pending,,
docs/energy_aware_reward_integration_report.md,1,1,RedRhex 彈簧腿節能 RL Reward 整合報告,pending,,
docs/energy_aware_reward_integration_report.md,15,2,目錄,pending,,
docs/energy_aware_reward_integration_report.md,30,2,1. 研究問題重述,pending,,
docs/energy_aware_reward_integration_report.md,32,3,1.1 RedRhex 的關節架構與物理角色,pending,,
docs/energy_aware_reward_integration_report.md,47,3,1.2 核心研究問題,pending,,
docs/energy_aware_reward_integration_report.md,60,3,1.3 為什麼不能只靠一般 locomotion reward,pending,,
docs/energy_aware_reward_integration_report.md,82,2,2. 物理與數學推導,pending,,
docs/energy_aware_reward_integration_report.md,84,3,2.1 關節角度與角速度,pending,,
docs/energy_aware_reward_integration_report.md,107,3,2.2 關節力矩,pending,,
docs/energy_aware_reward_integration_report.md,109,4,2.2.1 Main drive：速度控制器,pending,,
docs/energy_aware_reward_integration_report.md,127,4,2.2.2 ABAD：位置控制器,pending,,
docs/energy_aware_reward_integration_report.md,148,4,2.2.3 Spring/damper：被動關節,pending,,
docs/energy_aware_reward_integration_report.md,174,3,2.3 瞬時機械功率,pending,,
docs/energy_aware_reward_integration_report.md,202,3,2.4 單步與單回合機械能,pending,,
docs/energy_aware_reward_integration_report.md,218,3,2.5 電流、電功率與電能估計,pending,,
docs/energy_aware_reward_integration_report.md,252,3,2.6 彈簧位能、彈簧功率與阻尼耗散,pending,,
docs/energy_aware_reward_integration_report.md,296,3,2.7 CoT、回收效率與單位運動能耗,pending,,
docs/energy_aware_reward_integration_report.md,298,4,2.7.1 等效運動速度,pending,,
docs/energy_aware_reward_integration_report.md,311,4,2.7.2 Cost of Transport proxy,pending,,
docs/energy_aware_reward_integration_report.md,319,4,2.7.3 Spring recovery ratio,pending,,
docs/energy_aware_reward_integration_report.md,334,4,2.7.4 Spring utilization,pending,,
docs/energy_aware_reward_integration_report.md,342,3,2.8 哪些適合 reward、哪些只適合 diagnostics,pending,,
docs/energy_aware_reward_integration_report.md,357,2,3. 模擬 / 真機感測映射,pending,,
docs/energy_aware_reward_integration_report.md,359,3,3.1 Isaac Lab / Isaac Sim 中可取得的量,pending,,
docs/energy_aware_reward_integration_report.md,377,3,3.2 真機中的對應方式,pending,,
docs/energy_aware_reward_integration_report.md,388,3,3.3 力矩估計的三層方案,pending,,
docs/energy_aware_reward_integration_report.md,390,4,Ideal,pending,,
docs/energy_aware_reward_integration_report.md,398,4,Practical,pending,,
docs/energy_aware_reward_integration_report.md,406,4,Fallback,pending,,
docs/energy_aware_reward_integration_report.md,419,3,3.4 接觸與彈簧壓縮量的 proxy 風險,pending,,
docs/energy_aware_reward_integration_report.md,432,2,4. Reward 設計,pending,,
docs/energy_aware_reward_integration_report.md,434,3,4.1 設計哲學：平衡型 reward,pending,,
docs/energy_aware_reward_integration_report.md,444,3,4.2 目前實作的四個節能相關 reward 項,pending,,
docs/energy_aware_reward_integration_report.md,446,4,E1. Power Efficiency,pending,,
docs/energy_aware_reward_integration_report.md,463,4,E2. Spring Recovery,pending,,
docs/energy_aware_reward_integration_report.md,491,4,E3. Spring Utilization,pending,,
docs/energy_aware_reward_integration_report.md,510,4,E4. Torque Penalty,pending,,
docs/energy_aware_reward_integration_report.md,524,3,4.3 正向 spring reward 的 gating 機制,pending,,
docs/energy_aware_reward_integration_report.md,545,3,4.4 diagnostics 與 TensorBoard 指標,pending,,
docs/energy_aware_reward_integration_report.md,566,3,4.5 Reward hacking 風險與緩解,pending,,
docs/energy_aware_reward_integration_report.md,578,2,5. `redrhex_env_cfg.py` 修改版,pending,,
docs/energy_aware_reward_integration_report.md,582,3,5.1 `v2_reward_scales` 新增的節能權重,pending,,
docs/energy_aware_reward_integration_report.md,599,3,5.2 新增的物理常數與估測參數,pending,,
docs/energy_aware_reward_integration_report.md,614,3,5.3 ForwardFast 的保守版本,pending,,
docs/energy_aware_reward_integration_report.md,637,2,6. `redrhex_env.py` 修改版,pending,,
docs/energy_aware_reward_integration_report.md,641,3,6.1 `_setup_buffers()` 中新增的內部狀態,pending,,
docs/energy_aware_reward_integration_report.md,661,3,6.2 新 helper：`_compute_energy_equivalent_speed()`,pending,,
docs/energy_aware_reward_integration_report.md,674,3,6.3 新 helper：`_get_active_joint_torques()`,pending,,
docs/energy_aware_reward_integration_report.md,688,3,6.4 `_apply_action()` 中新增 `self._target_abad_pos`,pending,,
docs/energy_aware_reward_integration_report.md,702,3,6.5 `_compute_simplified_rewards()` 的正式節能流程,pending,,
docs/energy_aware_reward_integration_report.md,721,3,6.6 實際新增的 diagnostics,pending,,
docs/energy_aware_reward_integration_report.md,736,3,6.7 `_reset_idx()` 的補強,pending,,
docs/energy_aware_reward_integration_report.md,750,2,7. `eval_command_sweep.py` 修改版,pending,,
docs/energy_aware_reward_integration_report.md,754,3,7.1 新增 `collect_energy_metrics()`,pending,,
docs/energy_aware_reward_integration_report.md,779,3,7.2 每個 command 的 energy KPI,pending,,
docs/energy_aware_reward_integration_report.md,795,3,7.3 每個 skill 的彙總,pending,,
docs/energy_aware_reward_integration_report.md,813,3,7.4 為什麼這個 evaluation 很關鍵,pending,,
docs/energy_aware_reward_integration_report.md,828,2,8. 權重調參建議,pending,,
docs/energy_aware_reward_integration_report.md,830,3,8.1 初始權重建議,pending,,
docs/energy_aware_reward_integration_report.md,840,3,8.2 推薦調整順序,pending,,
docs/energy_aware_reward_integration_report.md,847,3,8.3 常見症狀與對應調法,pending,,
docs/energy_aware_reward_integration_report.md,858,2,9. Ablation 與驗證流程,pending,,
docs/energy_aware_reward_integration_report.md,860,3,9.1 四個版本,pending,,
docs/energy_aware_reward_integration_report.md,869,3,9.2 TensorBoard 必看曲線,pending,,
docs/energy_aware_reward_integration_report.md,889,3,9.3 `eval_command_sweep.py` 的正式比較方式,pending,,
docs/energy_aware_reward_integration_report.md,901,3,9.4 多模式分析,pending,,
docs/energy_aware_reward_integration_report.md,913,3,9.5 如何判斷「真的更省能」而不是「只是變慢」,pending,,
docs/energy_aware_reward_integration_report.md,927,2,10. 風險與注意事項,pending,,
docs/energy_aware_reward_integration_report.md,929,3,10.1 物理假設,pending,,
docs/energy_aware_reward_integration_report.md,939,3,10.2 感測與 sim2real 限制,pending,,
docs/energy_aware_reward_integration_report.md,945,3,10.3 Reward engineering 限制,pending,,
docs/energy_aware_reward_integration_report.md,951,3,10.4 目前實作驗證狀態,pending,,
docs/energy_aware_reward_integration_report.md,963,3,10.5 建議下一步,pending,,
docs/energy_aware_reward_integration_report.md,972,2,附錄 A：本次實際完成的程式修改,pending,,
docs/energy_aware_reward_integration_report.md,990,2,附錄 B：關鍵程式碼位置索引,pending,,
docs/energy_aware_reward_integration_report.md,1005,2,附錄 C：教授報告時可直接強調的三個重點,pending,,
docs/energy_aware_reward_integration_report.md,1018,2,附錄 D：Overleaf 可直接使用的 LaTeX 原稿,pending,,
docs/energy_aware_reward_integration_report.tex,0,0,<document>,pending,,
docs/energy_aware_reward_integration_report.tex,61,3,研究問題重述,pending,,
docs/energy_aware_reward_integration_report.tex,63,4,系統背景,pending,,
docs/energy_aware_reward_integration_report.tex,88,4,核心研究問題,pending,,
docs/energy_aware_reward_integration_report.tex,96,3,物理與數學推導,pending,,
docs/energy_aware_reward_integration_report.tex,98,4,關節角度、角速度與力矩,pending,,
docs/energy_aware_reward_integration_report.tex,112,4,Main drive 力矩模型,pending,,
docs/energy_aware_reward_integration_report.tex,131,4,ABAD 力矩模型,pending,,
docs/energy_aware_reward_integration_report.tex,150,4,被動彈簧與阻尼模型,pending,,
docs/energy_aware_reward_integration_report.tex,167,4,機械功率與機械能,pending,,
docs/energy_aware_reward_integration_report.tex,190,4,電流與電功率估計,pending,,
docs/energy_aware_reward_integration_report.tex,212,4,彈簧位能、釋能與耗散,pending,,
docs/energy_aware_reward_integration_report.tex,235,4,等效運動速度與 CoT proxy,pending,,
docs/energy_aware_reward_integration_report.tex,251,4,彈簧回收率與活用度,pending,,
docs/energy_aware_reward_integration_report.tex,272,3,模擬 / 真機感測映射,pending,,
docs/energy_aware_reward_integration_report.tex,274,4,模擬中可直接取得的量,pending,,
docs/energy_aware_reward_integration_report.tex,290,4,真機感測的三層方案,pending,,
docs/energy_aware_reward_integration_report.tex,292,5,Ideal sensing,pending,,
docs/energy_aware_reward_integration_report.tex,300,5,Practical sensing,pending,,
docs/energy_aware_reward_integration_report.tex,308,5,Fallback proxy,pending,,
docs/energy_aware_reward_integration_report.tex,315,3,Reward 設計,pending,,
docs/energy_aware_reward_integration_report.tex,317,4,設計哲學,pending,,
docs/energy_aware_reward_integration_report.tex,331,4,E1: Power Efficiency,pending,,
docs/energy_aware_reward_integration_report.tex,350,4,E2: Spring Recovery,pending,,
docs/energy_aware_reward_integration_report.tex,368,4,E3: Spring Utilization,pending,,
docs/energy_aware_reward_integration_report.tex,387,4,E4: Torque Penalty,pending,,
docs/energy_aware_reward_integration_report.tex,401,4,為何需要 spring reward gating,pending,,
docs/energy_aware_reward_integration_report.tex,421,3,模擬實作與程式修改,pending,,
docs/energy_aware_reward_integration_report.tex,423,4,\texttt{redrhex\_env\_cfg.py} 中新增的參數,pending,,
docs/energy_aware_reward_integration_report.tex,449,4,\texttt{redrhex\_env.py} 中新增的 helper,pending,,
docs/energy_aware_reward_integration_report.tex,473,4,ABAD 目標位置 cache,pending,,
docs/energy_aware_reward_integration_report.tex,481,4,reward 核心節能片段,pending,,
docs/energy_aware_reward_integration_report.tex,514,4,\texttt{eval\_command\_sweep.py} 中新增的 energy evaluation,pending,,
docs/energy_aware_reward_integration_report.tex,548,3,權重設計與調參建議,pending,,
docs/energy_aware_reward_integration_report.tex,570,3,Ablation 與驗證流程,pending,,
docs/energy_aware_reward_integration_report.tex,572,4,四版本比較,pending,,
docs/energy_aware_reward_integration_report.tex,581,4,TensorBoard 必看曲線,pending,,
docs/energy_aware_reward_integration_report.tex,595,4,如何判斷「真的變省能」,pending,,
docs/energy_aware_reward_integration_report.tex,608,3,風險與注意事項,pending,,
docs/energy_aware_reward_integration_report.tex,618,3,結論,pending,,
docs/project_review_2026-07-09.md,0,0,<document>,pending,,
docs/project_review_2026-07-09.md,1,1,RedRHex Full Project Review — state file (2026-07-09),pending,,
docs/project_review_2026-07-09.md,7,2,Checklist,pending,,
docs/project_review_2026-07-09.md,16,2,Findings (append per area),pending,,
docs/project_review_2026-07-09.md,18,3,Area 1.5: Symmetry + PPO cfg — DONE,pending,,
docs/project_review_2026-07-09.md,22,3,Area 2: Training scripts — DONE,pending,,
docs/project_review_2026-07-09.md,28,3,Area 3: Panel backend — DONE (server.py full; processes.py core; history/convergence/deploy outline),pending,,
docs/project_review_2026-07-09.md,35,3,"Area 5: ROS2 deploy stack — DONE (contract, obs builder, action decoder core, controller node rate, deploy validate_contract)",pending,,
docs/project_review_2026-07-09.md,42,3,Area 1: Core RL env — DONE (env.py + env_cfg.py read fully),pending,,
docs/project_review_2026-07-09.md,71,2,"Fix status (2026-07-10, branch fix/review-2026-07)",pending,,
docs/redrhex_forwardfast_professor_report.md,0,0,<document>,pending,,
docs/redrhex_forwardfast_professor_report.md,1,1,RedRhex ForwardFast 專題報告（教授版）,pending,,
docs/redrhex_forwardfast_professor_report.md,9,2,0) 報告摘要（先講結論）,pending,,
docs/redrhex_forwardfast_professor_report.md,22,2,0.1 ForwardFast 在整體訓練體系中的定位,pending,,
docs/redrhex_forwardfast_professor_report.md,82,2,1) 起點：為什麼要做這件事,pending,,
docs/redrhex_forwardfast_professor_report.md,105,2,2) 目標定義（今天要達成什麼）,pending,,
docs/redrhex_forwardfast_professor_report.md,119,2,3) 方法總覽（策略怎麼定）,pending,,
docs/redrhex_forwardfast_professor_report.md,135,2,4) 今天實際做了什麼（從 0 到 1 再到 2，再到 2.1）,pending,,
docs/redrhex_forwardfast_professor_report.md,137,2,4.1 階段 A：先建立 ForwardFast 管線（v1）,pending,,
docs/redrhex_forwardfast_professor_report.md,147,2,4.2 階段 B：現場回報品質問題（假收斂）,pending,,
docs/redrhex_forwardfast_professor_report.md,157,2,4.3 階段 C：anti-collapse 品質修正（v2）,pending,,
docs/redrhex_forwardfast_professor_report.md,164,2,4.4 階段 D：第二輪回調（v2.1，參考原 Stage1）,pending,,
docs/redrhex_forwardfast_professor_report.md,175,2,5) 程式碼修改明細（What + Why）,pending,,
docs/redrhex_forwardfast_professor_report.md,177,2,5.1 任務註冊層,pending,,
docs/redrhex_forwardfast_professor_report.md,189,2,5.2 環境配置層（ForwardFast）,pending,,
docs/redrhex_forwardfast_professor_report.md,240,2,5.3 環境控制邏輯層（核心）,pending,,
docs/redrhex_forwardfast_professor_report.md,260,2,5.4 PPO 層,pending,,
docs/redrhex_forwardfast_professor_report.md,277,2,5.5 Play/checkpoint 工具相容修正,pending,,
docs/redrhex_forwardfast_professor_report.md,291,2,6) 現場流程 SOP（How）,pending,,
docs/redrhex_forwardfast_professor_report.md,293,2,6.1 訓練（ForwardFast）,pending,,
docs/redrhex_forwardfast_professor_report.md,304,2,6.2 TensorBoard 監看,pending,,
docs/redrhex_forwardfast_professor_report.md,310,2,6.3 播放與匯出 ONNX,pending,,
docs/redrhex_forwardfast_professor_report.md,326,2,7) 如何判斷「真的成功」而不是假收斂,pending,,
docs/redrhex_forwardfast_professor_report.md,341,2,8) 今天遇到的問題與對應修正,pending,,
docs/redrhex_forwardfast_professor_report.md,355,2,9) 目前成果、限制與下一步,pending,,
docs/redrhex_forwardfast_professor_report.md,373,2,10) 最新 TensorBoard 結果（v2.2，Stage1-reference 快收斂版）,pending,,
docs/redrhex_forwardfast_professor_report.md,380,3,10.1 指標讀值（你這次提供的圖）,pending,,
docs/redrhex_forwardfast_professor_report.md,418,3,10.2 「點平」解讀（收斂分段）,pending,,
docs/redrhex_forwardfast_professor_report.md,430,3,10.3 結論（本輪）,pending,,
docs/redrhex_forwardfast_professor_report.md,438,2,11) 給教授的結論句,pending,,
docs/redrhex_improvement_strategy_full.md,0,0,<document>,pending,,
docs/redrhex_improvement_strategy_full.md,1,1,RedRhex 強化學習專題 — 完整改進策略報告,pending,,
docs/redrhex_improvement_strategy_full.md,6,2,目錄,pending,,
docs/redrhex_improvement_strategy_full.md,33,2,0. 報告主旨,pending,,
docs/redrhex_improvement_strategy_full.md,45,3,0.1 現行落地訓練順序（重要）,pending,,
docs/redrhex_improvement_strategy_full.md,111,2,1. 世界頂尖腿足機器人 RL 研究全覽,pending,,
docs/redrhex_improvement_strategy_full.md,117,3,1.1 ETH RSL — Learning Robust Perceptive Locomotion (Miki 2022),pending,,
docs/redrhex_improvement_strategy_full.md,146,3,1.2 ETH RSL — ANYmal Parkour (Hoeller 2024),pending,,
docs/redrhex_improvement_strategy_full.md,178,3,1.3 UC Berkeley / CMU — RMA: Rapid Motor Adaptation (Kumar 2021),pending,,
docs/redrhex_improvement_strategy_full.md,216,3,1.4 CMU — Extreme Parkour (Cheng 2023),pending,,
docs/redrhex_improvement_strategy_full.md,251,3,1.5 KAIST Urban Robotics Lab — DreamWaQ (Nahrendra 2023),pending,,
docs/redrhex_improvement_strategy_full.md,286,3,"1.6 SUSTech / ZJUI — Concurrent Teacher-Student (CTS, Wang 2024)",pending,,
docs/redrhex_improvement_strategy_full.md,325,3,1.7 ETH RSL (Mittal et al.) — Symmetry-aware RL (ICRA 2024),pending,,
docs/redrhex_improvement_strategy_full.md,357,3,1.8 UC Berkeley Hybrid Robotics — Morphological Symmetry (IROS 2024),pending,,
docs/redrhex_improvement_strategy_full.md,384,3,1.9 ETH RSL — Actuator Network (Hwangbo 2019),pending,,
docs/redrhex_improvement_strategy_full.md,412,3,1.10 NVIDIA / Boston Dynamics — Spot locomotion in Isaac Lab (2024),pending,,
docs/redrhex_improvement_strategy_full.md,444,3,"1.11 Michigan Tech — Benchmark: MPC vs RL (Akki & Chen, 2025)",pending,,
docs/redrhex_improvement_strategy_full.md,480,3,1.12 EPFL BioRob — CPG-RL (Bellegarda & Ijspeert 2022),pending,,
docs/redrhex_improvement_strategy_full.md,511,2,2. RedRhex 現況診斷,pending,,
docs/redrhex_improvement_strategy_full.md,515,3,做得好的地方,pending,,
docs/redrhex_improvement_strategy_full.md,523,3,關鍵缺點(對應 SOTA 技術),pending,,
docs/redrhex_improvement_strategy_full.md,540,2,3. 優先級 TIER 1 — 必做,pending,,
docs/redrhex_improvement_strategy_full.md,542,3,3.1 啟用 Asymmetric Actor-Critic(Privileged Critic),pending,,
docs/redrhex_improvement_strategy_full.md,570,3,3.2 啟用 Terrain Generator + Curriculum,pending,,
docs/redrhex_improvement_strategy_full.md,618,3,3.3 Reward 瘦身,pending,,
docs/redrhex_improvement_strategy_full.md,651,3,3.4 Observation History(短期記憶),pending,,
docs/redrhex_improvement_strategy_full.md,664,2,4. 優先級 TIER 2 — 推薦,pending,,
docs/redrhex_improvement_strategy_full.md,666,3,4.1 Actuator Model 升級,pending,,
docs/redrhex_improvement_strategy_full.md,684,3,4.2 Symmetry Data Augmentation,pending,,
docs/redrhex_improvement_strategy_full.md,697,3,4.3 速度命令拉高,pending,,
docs/redrhex_improvement_strategy_full.md,708,3,4.4 Push Curriculum 加大,pending,,
docs/redrhex_improvement_strategy_full.md,720,3,4.5 Recurrent Policy,pending,,
docs/redrhex_improvement_strategy_full.md,737,2,5. 優先級 TIER 3 — 加分,pending,,
docs/redrhex_improvement_strategy_full.md,739,3,5.1 CPG 先驗(action space 正則化),pending,,
docs/redrhex_improvement_strategy_full.md,742,3,5.2 Multi-gait Policy,pending,,
docs/redrhex_improvement_strategy_full.md,745,3,5.3 Fault Tolerance,pending,,
docs/redrhex_improvement_strategy_full.md,748,3,5.4 Cost of Transport 作為正式指標,pending,,
docs/redrhex_improvement_strategy_full.md,754,3,5.5 Vision / Height-scan 整合,pending,,
docs/redrhex_improvement_strategy_full.md,759,2,6. 如何在報告中證明「勝過 MPC」,pending,,
docs/redrhex_improvement_strategy_full.md,761,3,6.1 準備對比實驗(4 張圖),pending,,
docs/redrhex_improvement_strategy_full.md,770,3,6.2 報告敘事結構,pending,,
docs/redrhex_improvement_strategy_full.md,783,3,6.3 引用資料來源(報告 references),pending,,
docs/redrhex_improvement_strategy_full.md,789,2,7. 時間壓力下的最小可行方案,pending,,
docs/redrhex_improvement_strategy_full.md,808,2,8. 完整參考文獻,pending,,
docs/redrhex_improvement_strategy_full.md,810,3,核心論文(你報告必引),pending,,
docs/redrhex_improvement_strategy_full.md,850,3,次要但有用,pending,,
docs/redrhex_improvement_strategy_full.md,873,3,Awesome lists(擴展閱讀),pending,,
docs/redrhex_meeting_report.md,0,0,<document>,pending,,
docs/redrhex_meeting_report.md,1,1,RedRhex 專案變更會議報告（完整說明版）,pending,,
docs/redrhex_meeting_report.md,3,2,1. 這份文件的目的,pending,,
docs/redrhex_meeting_report.md,15,2,1.1 2026-04-16 補充：目前實際訓練流程怎麼選,pending,,
docs/redrhex_meeting_report.md,59,2,2. 專案背景：我們原本在做什麼,pending,,
docs/redrhex_meeting_report.md,80,2,3. 為什麼要從單段式改成分階段訓練,pending,,
docs/redrhex_meeting_report.md,82,3,3.1 單段式的核心問題,pending,,
docs/redrhex_meeting_report.md,100,3,3.2 分階段的設計目標,pending,,
docs/redrhex_meeting_report.md,114,2,4. 為什麼最後定案成五階段，而不是四階段,pending,,
docs/redrhex_meeting_report.md,138,2,5. 五個 Stage 各自在負責什麼,pending,,
docs/redrhex_meeting_report.md,140,2,Stage1：Forward-only（穩定直走基礎）,pending,,
docs/redrhex_meeting_report.md,162,2,Stage2：Lateral-only（純側向能力）,pending,,
docs/redrhex_meeting_report.md,179,2,Stage3：Diagonal-only（前向 + 側向的組合技能）,pending,,
docs/redrhex_meeting_report.md,195,2,Stage4：Yaw-only（原地旋轉）,pending,,
docs/redrhex_meeting_report.md,213,2,Stage5：Mixed（完整技能整合）,pending,,
docs/redrhex_meeting_report.md,234,2,6. 我們做了哪些主要程式修改,pending,,
docs/redrhex_meeting_report.md,238,2,6.1 `source/RedRhex/RedRhex/tasks/direct/redrhex/redrhex_env.py`,pending,,
docs/redrhex_meeting_report.md,249,3,A. 把控制邏輯改成「技能模式感知」,pending,,
docs/redrhex_meeting_report.md,264,3,B. 加入更明確的 forward gait prior,pending,,
docs/redrhex_meeting_report.md,279,3,C. 讓 reward 與診斷值分開處理,pending,,
docs/redrhex_meeting_report.md,300,3,D. 加入 play/eval 的 forward 相容保護,pending,,
docs/redrhex_meeting_report.md,326,2,6.2 `source/RedRhex/RedRhex/tasks/direct/redrhex/redrhex_env_cfg.py`,pending,,
docs/redrhex_meeting_report.md,348,2,6.3 `scripts/rsl_rl/train_stage_pipeline.sh`,pending,,
docs/redrhex_meeting_report.md,356,3,這個腳本做了什麼,pending,,
docs/redrhex_meeting_report.md,365,3,為什麼這樣設計,pending,,
docs/redrhex_meeting_report.md,378,3,這支腳本的關鍵修正,pending,,
docs/redrhex_meeting_report.md,380,4,A. 預設使用 full resume，而不是只載入 policy,pending,,
docs/redrhex_meeting_report.md,405,4,B. 加入 GUI 預檢,pending,,
docs/redrhex_meeting_report.md,427,4,C. 加入 stage health gate,pending,,
docs/redrhex_meeting_report.md,443,4,D. `rg` 缺失時的 fallback,pending,,
docs/redrhex_meeting_report.md,457,2,6.4 `scripts/rsl_rl/play.py`,pending,,
docs/redrhex_meeting_report.md,463,3,A. 修正 checkpoint 路徑解析,pending,,
docs/redrhex_meeting_report.md,486,3,B. 把實際啟動的預設命令改成 `stop`,pending,,
docs/redrhex_meeting_report.md,518,3,C. 加入從 checkpoint 路徑自動推斷 `env.stage`,pending,,
docs/redrhex_meeting_report.md,533,2,6.5 `scripts/rsl_rl/eval_command_sweep.py`,pending,,
docs/redrhex_meeting_report.md,539,3,這支程式在做什麼,pending,,
docs/redrhex_meeting_report.md,561,3,為什麼要多做這支程式,pending,,
docs/redrhex_meeting_report.md,575,3,它會不會「自動切換 stage 去評估」？,pending,,
docs/redrhex_meeting_report.md,590,3,為什麼它對我們很重要,pending,,
docs/redrhex_meeting_report.md,601,3,這支程式也做了 checkpoint 防呆,pending,,
docs/redrhex_meeting_report.md,610,2,6.6 `docs/redrhex_train_play_guide.md`,pending,,
docs/redrhex_meeting_report.md,632,2,6.7 `docs/redrhex_stage_training_explainer.md`,pending,,
docs/redrhex_meeting_report.md,643,2,7. 舊版穩定版本和新版到底差在哪裡,pending,,
docs/redrhex_meeting_report.md,684,2,8. 我們如何回應你提出過的每一個核心問題,pending,,
docs/redrhex_meeting_report.md,688,2,問題 1：側走有效果，但速度太慢，不夠積極,pending,,
docs/redrhex_meeting_report.md,690,3,成因,pending,,
docs/redrhex_meeting_report.md,696,3,我們怎麼做,pending,,
docs/redrhex_meeting_report.md,702,3,好處,pending,,
docs/redrhex_meeting_report.md,707,2,問題 2：斜走只有一點點效果，而且前面階段似乎沒有真的練斜走,pending,,
docs/redrhex_meeting_report.md,709,3,成因,pending,,
docs/redrhex_meeting_report.md,714,3,我們怎麼做,pending,,
docs/redrhex_meeting_report.md,719,3,好處,pending,,
docs/redrhex_meeting_report.md,724,2,問題 3：原地旋轉很差，一開始就 body contact 然後死掉,pending,,
docs/redrhex_meeting_report.md,726,3,成因,pending,,
docs/redrhex_meeting_report.md,732,3,我們怎麼做,pending,,
docs/redrhex_meeting_report.md,738,3,好處,pending,,
docs/redrhex_meeting_report.md,743,2,問題 4：五個 stage 資料夾裡的 `model_*.pt` 編號都重置，這樣真的有接續學習嗎？,pending,,
docs/redrhex_meeting_report.md,745,3,成因,pending,,
docs/redrhex_meeting_report.md,750,3,我們怎麼做,pending,,
docs/redrhex_meeting_report.md,755,3,好處,pending,,
docs/redrhex_meeting_report.md,760,2,問題 5：`play.py` 可能有問題，因為以前正常的舊模型現在也會壞,pending,,
docs/redrhex_meeting_report.md,762,3,成因,pending,,
docs/redrhex_meeting_report.md,770,3,我們怎麼做,pending,,
docs/redrhex_meeting_report.md,776,3,好處,pending,,
docs/redrhex_meeting_report.md,781,2,問題 6：`eval_command_sweep.py` 會不會自動切換各種 stage？,pending,,
docs/redrhex_meeting_report.md,783,3,正確答案,pending,,
docs/redrhex_meeting_report.md,789,3,這代表什麼,pending,,
docs/redrhex_meeting_report.md,794,2,問題 7：是不是有程式控制每個 stage 使用哪些獎勵，哪些獎勵被抑制？,pending,,
docs/redrhex_meeting_report.md,796,3,正確答案,pending,,
docs/redrhex_meeting_report.md,812,3,為什麼這樣設計,pending,,
docs/redrhex_meeting_report.md,822,2,9. TensorBoard 上為什麼有些數值看起來「不合理」,pending,,
docs/redrhex_meeting_report.md,828,2,原因 A：reward 被刻意抑制,pending,,
docs/redrhex_meeting_report.md,834,2,原因 B：診斷值存在，但不直接參與當前學習,pending,,
docs/redrhex_meeting_report.md,843,2,原因 C：某些曲線不穩，代表策略還沒收斂或根本在崩壞,pending,,
docs/redrhex_meeting_report.md,859,2,10. 我們這一輪開發帶來的主要好處,pending,,
docs/redrhex_meeting_report.md,863,2,好處 1：把多技能問題拆成可診斷的子問題,pending,,
docs/redrhex_meeting_report.md,874,2,好處 2：把課程式訓練做成可自動化的流程,pending,,
docs/redrhex_meeting_report.md,885,2,好處 3：減少夜間白跑的風險,pending,,
docs/redrhex_meeting_report.md,895,2,好處 4：把回放與驗收工具工程化,pending,,
docs/redrhex_meeting_report.md,906,2,好處 5：在新架構下，仍試圖保留舊版穩定直走能力,pending,,
docs/redrhex_meeting_report.md,923,2,11. 目前仍存在的限制與風險,pending,,
docs/redrhex_meeting_report.md,937,2,12. 我們目前最合理的總結,pending,,
docs/redrhex_meeting_report.md,947,2,13. 報告時建議的講述順序,pending,,
docs/redrhex_meeting_report.md,951,3,第一段：先講原始問題,pending,,
docs/redrhex_meeting_report.md,957,3,第二段：講我們的設計轉向,pending,,
docs/redrhex_meeting_report.md,963,3,第三段：講我們不是只改流程，而是有改程式,pending,,
docs/redrhex_meeting_report.md,972,3,第四段：講為什麼這些改動是必要的,pending,,
docs/redrhex_meeting_report.md,979,3,第五段：講現在得到的結果,pending,,
docs/redrhex_meeting_report.md,986,2,14. 這次我們實際參考了哪些資料,pending,,
docs/redrhex_meeting_report.md,992,3,第一類：你們自己已有的穩定版本與實驗紀錄,pending,,
docs/redrhex_meeting_report.md,1001,3,第二類：目前程式碼本身,pending,,
docs/redrhex_meeting_report.md,1011,3,第三類：方法論上的常見做法,pending,,
docs/redrhex_meeting_report.md,1023,2,15. 你在會議上可以直接用的結論,pending,,
docs/redrhex_train_play_guide.md,0,0,<document>,pending,,
docs/redrhex_train_play_guide.md,1,1,RedRhex 終極操作指南,pending,,
docs/redrhex_train_play_guide.md,25,2,0. 完全新手先看這裡,pending,,
docs/redrhex_train_play_guide.md,37,2,0.1 最白話的名詞解釋,pending,,
docs/redrhex_train_play_guide.md,39,3,`Train` 是什麼,pending,,
docs/redrhex_train_play_guide.md,57,3,`Play` 是什麼,pending,,
docs/redrhex_train_play_guide.md,75,3,`Task` 是什麼,pending,,
docs/redrhex_train_play_guide.md,88,3,`Agent` 是什麼,pending,,
docs/redrhex_train_play_guide.md,104,3,`Checkpoint` 是什麼,pending,,
docs/redrhex_train_play_guide.md,116,3,`Run` 是什麼,pending,,
docs/redrhex_train_play_guide.md,135,3,`Resume` 是什麼,pending,,
docs/redrhex_train_play_guide.md,141,2,0.2 `Actor`、`Critic`、`Policy`、`History` 到底是什麼,pending,,
docs/redrhex_train_play_guide.md,145,3,`Actor`,pending,,
docs/redrhex_train_play_guide.md,155,3,`Critic`,pending,,
docs/redrhex_train_play_guide.md,174,3,`Policy`,pending,,
docs/redrhex_train_play_guide.md,187,3,`History`,pending,,
docs/redrhex_train_play_guide.md,206,3,`Policy + History` 為什麼常一起出現,pending,,
docs/redrhex_train_play_guide.md,222,2,0.3 `Teacher`、`Student`、`Distillation` 是什麼,pending,,
docs/redrhex_train_play_guide.md,224,3,`Teacher`,pending,,
docs/redrhex_train_play_guide.md,239,3,`Student`,pending,,
docs/redrhex_train_play_guide.md,250,3,`Distillation`,pending,,
docs/redrhex_train_play_guide.md,268,2,0.4 這個專案裡 observation group 的意思,pending,,
docs/redrhex_train_play_guide.md,272,3,`policy`,pending,,
docs/redrhex_train_play_guide.md,276,3,`history`,pending,,
docs/redrhex_train_play_guide.md,280,3,`critic`,pending,,
docs/redrhex_train_play_guide.md,289,3,`teacher`,pending,,
docs/redrhex_train_play_guide.md,302,2,0.5 `Parser`、`CLI 參數`、`Hydra 覆寫` 到底差在哪,pending,,
docs/redrhex_train_play_guide.md,306,3,第一種：`--開頭` 的參數,pending,,
docs/redrhex_train_play_guide.md,333,3,第二種：`name=value` 形式的覆寫,pending,,
docs/redrhex_train_play_guide.md,360,3,最常見的錯誤,pending,,
docs/redrhex_train_play_guide.md,380,2,0.6 如果你以後要自己新增模式，要改哪裡,pending,,
docs/redrhex_train_play_guide.md,384,3,如果你只是想「多一個命令列參數」,pending,,
docs/redrhex_train_play_guide.md,401,3,如果你想「多一個環境模式」,pending,,
docs/redrhex_train_play_guide.md,414,3,如果你想「多一個 agent 模式」,pending,,
docs/redrhex_train_play_guide.md,435,3,如果你只是想臨時改某個 env 參數,pending,,
docs/redrhex_train_play_guide.md,447,2,0.7 完全照抄版：從零開始跑一次 Train + Play,pending,,
docs/redrhex_train_play_guide.md,451,3,Terminal 1：進入專案,pending,,
docs/redrhex_train_play_guide.md,458,3,Terminal 1：先做 smoke test,pending,,
docs/redrhex_train_play_guide.md,470,3,Terminal 1：開始訓練完整主 task,pending,,
docs/redrhex_train_play_guide.md,482,3,Terminal 2：開 TensorBoard,pending,,
docs/redrhex_train_play_guide.md,497,3,Terminal 3：找最新 checkpoint,pending,,
docs/redrhex_train_play_guide.md,511,3,Terminal 3：播放模型,pending,,
docs/redrhex_train_play_guide.md,553,3,Terminal 3：只匯出 policy，不播放,pending,,
docs/redrhex_train_play_guide.md,575,2,0.8 最常見的「我要改模式」到底怎麼改,pending,,
docs/redrhex_train_play_guide.md,579,3,例 1：我要從完整主任務改成快速直走,pending,,
docs/redrhex_train_play_guide.md,593,3,例 2：我要從一般 PPO 改成 teacher PPO,pending,,
docs/redrhex_train_play_guide.md,607,3,例 3：我要從一般 PPO 改成 distillation,pending,,
docs/redrhex_train_play_guide.md,621,3,例 4：我要讓主 task 固定在 stage 3,pending,,
docs/redrhex_train_play_guide.md,642,3,例 5：我要關掉 GUI,pending,,
docs/redrhex_train_play_guide.md,650,3,例 6：我要在 play 時不要鍵盤控制,pending,,
docs/redrhex_train_play_guide.md,658,3,例 7：我要只匯出模型，不播放,pending,,
docs/redrhex_train_play_guide.md,666,3,例 8：我要從舊 checkpoint 接著訓練,pending,,
docs/redrhex_train_play_guide.md,674,3,例 9：我要改平行環境數量,pending,,
docs/redrhex_train_play_guide.md,688,3,例 10：我要縮短或拉長訓練時間,pending,,
docs/redrhex_train_play_guide.md,716,2,0.9 如果你現在就要開始 Train，請直接照這條流程做,pending,,
docs/redrhex_train_play_guide.md,732,3,0.9.1 最重要的觀念,pending,,
docs/redrhex_train_play_guide.md,751,3,0.9.2 你現在該選哪一條路,pending,,
docs/redrhex_train_play_guide.md,766,4,路線 A：我只是第一次要把訓練跑起來,pending,,
docs/redrhex_train_play_guide.md,792,4,路線 B：我想最快看到直走結果,pending,,
docs/redrhex_train_play_guide.md,816,4,路線 B-2：我只想穩定往前走，但不要 ForwardFast,pending,,
docs/redrhex_train_play_guide.md,861,4,路線 C：我要完整 locomotion 能力，而且希望最正式,pending,,
docs/redrhex_train_play_guide.md,890,4,路線 D：我想做進階研究，追更高上限,pending,,
docs/redrhex_train_play_guide.md,907,3,0.9.3 我現在最推薦你的實際順序,pending,,
docs/redrhex_train_play_guide.md,911,4,Step 0：啟動虛擬環境,pending,,
docs/redrhex_train_play_guide.md,918,4,Step 1：先確認整個 stack 沒壞,pending,,
docs/redrhex_train_play_guide.md,928,4,Step 2：如果你只是第一次要成功跑起來,pending,,
docs/redrhex_train_play_guide.md,947,4,Step 3：如果你想先快速看直走,pending,,
docs/redrhex_train_play_guide.md,961,4,Step 3-B：如果你想只做穩定 forward-only，而且不要 ForwardFast,pending,,
docs/redrhex_train_play_guide.md,1034,4,Step 3-B-1：完整照抄版,pending,,
docs/redrhex_train_play_guide.md,1156,4,Step 4：如果你要正式完整訓練,pending,,
docs/redrhex_train_play_guide.md,1176,4,Step 5：如果主線已經穩了，才考慮 teacher / student,pending,,
docs/redrhex_train_play_guide.md,1205,3,0.9.4 如果你只要我給你一句最簡單的建議,pending,,
docs/redrhex_train_play_guide.md,1226,2,1. 你先要知道的事,pending,,
docs/redrhex_train_play_guide.md,1252,2,2. 先做環境準備,pending,,
docs/redrhex_train_play_guide.md,1291,2,3. 最短成功路徑,pending,,
docs/redrhex_train_play_guide.md,1305,2,4. 日誌、checkpoint、輸出檔會放在哪裡,pending,,
docs/redrhex_train_play_guide.md,1340,2,5. 最常用的訓練指令,pending,,
docs/redrhex_train_play_guide.md,1342,2,5.1 主 task 一般 PPO,pending,,
docs/redrhex_train_play_guide.md,1373,2,5.2 ForwardFast 快速直走 PPO,pending,,
docs/redrhex_train_play_guide.md,1403,2,5.3 主 task 五階段 curriculum,pending,,
docs/redrhex_train_play_guide.md,1435,3,一鍵跑完整 pipeline,pending,,
docs/redrhex_train_play_guide.md,1448,3,先做 GUI 預檢再放整晚,pending,,
docs/redrhex_train_play_guide.md,1465,3,pipeline 會幫你做什麼,pending,,
docs/redrhex_train_play_guide.md,1473,3,中途斷掉後從某 stage 接著跑,pending,,
docs/redrhex_train_play_guide.md,1489,3,若你真的要用 policy-only handoff,pending,,
docs/redrhex_train_play_guide.md,1506,2,5.4 手動指定 stage 的一般訓練,pending,,
docs/redrhex_train_play_guide.md,1552,2,6. Teacher 與 Distillation 操作,pending,,
docs/redrhex_train_play_guide.md,1554,2,6.1 Teacher PPO,pending,,
docs/redrhex_train_play_guide.md,1564,3,主 task teacher,pending,,
docs/redrhex_train_play_guide.md,1576,3,ForwardFast teacher,pending,,
docs/redrhex_train_play_guide.md,1588,2,6.2 Distillation 先做 smoke test,pending,,
docs/redrhex_train_play_guide.md,1592,3,一次檢查 reform stack + teacher + distillation,pending,,
docs/redrhex_train_play_guide.md,1619,3,已有 teacher checkpoint，單獨檢查 distillation,pending,,
docs/redrhex_train_play_guide.md,1631,2,6.3 正式做 distillation,pending,,
docs/redrhex_train_play_guide.md,1633,3,Step 1：先訓練 teacher,pending,,
docs/redrhex_train_play_guide.md,1645,3,Step 2：確認 teacher checkpoint,pending,,
docs/redrhex_train_play_guide.md,1654,3,Step 3：讓 distillation runner 找得到 teacher run,pending,,
docs/redrhex_train_play_guide.md,1677,3,Step 4：開始 distillation,pending,,
docs/redrhex_train_play_guide.md,1694,3,Step 5：播放 distillation student,pending,,
docs/redrhex_train_play_guide.md,1713,2,7. TensorBoard 怎麼看,pending,,
docs/redrhex_train_play_guide.md,1738,3,五階段各 stage 建議觀察,pending,,
docs/redrhex_train_play_guide.md,1778,2,8. Play、匯出、鍵盤控制,pending,,
docs/redrhex_train_play_guide.md,1780,2,8.1 播放最新 checkpoint,pending,,
docs/redrhex_train_play_guide.md,1782,3,主 task PPO,pending,,
docs/redrhex_train_play_guide.md,1797,3,ForwardFast PPO,pending,,
docs/redrhex_train_play_guide.md,1835,2,8.2 Play 的實用行為,pending,,
docs/redrhex_train_play_guide.md,1845,2,8.3 只匯出，不進入 play 迴圈,pending,,
docs/redrhex_train_play_guide.md,1858,2,8.4 關閉鍵盤控制,pending,,
docs/redrhex_train_play_guide.md,1871,2,8.5 開啟鍵盤控制時可用的初始命令,pending,,
docs/redrhex_train_play_guide.md,1896,2,8.6 鍵盤對應,pending,,
docs/redrhex_train_play_guide.md,1919,2,8.7 Headless 錄影,pending,,
docs/redrhex_train_play_guide.md,1935,2,9. 評估與驗收,pending,,
docs/redrhex_train_play_guide.md,1937,2,9.1 `validate_reform_stack.py`,pending,,
docs/redrhex_train_play_guide.md,1941,3,只做 random rollout smoke,pending,,
docs/redrhex_train_play_guide.md,1951,3,加做 1 iteration PPO smoke,pending,,
docs/redrhex_train_play_guide.md,1963,3,加做 teacher + distillation smoke,pending,,
docs/redrhex_train_play_guide.md,1978,2,9.2 `eval_command_sweep.py`,pending,,
docs/redrhex_train_play_guide.md,1982,3,主 task 最終 mixed 驗收,pending,,
docs/redrhex_train_play_guide.md,2019,3,輸出 CSV,pending,,
docs/redrhex_train_play_guide.md,2042,2,10. 恢復訓練與常用參數,pending,,
docs/redrhex_train_play_guide.md,2044,2,10.1 一般 resume,pending,,
docs/redrhex_train_play_guide.md,2057,2,10.2 policy-only resume,pending,,
docs/redrhex_train_play_guide.md,2072,2,10.3 常用 train 參數,pending,,
docs/redrhex_train_play_guide.md,2089,2,11. 這次改革後，操作上有什麼實際變化,pending,,
docs/redrhex_train_play_guide.md,2093,3,11.1 現在不是只有單一 observation,pending,,
docs/redrhex_train_play_guide.md,2108,3,11.2 現在有 asymmetric critic,pending,,
docs/redrhex_train_play_guide.md,2112,3,11.3 現在有 symmetry augmentation,pending,,
docs/redrhex_train_play_guide.md,2116,3,11.4 現在有 rough terrain、actuator randomization、fault injection,pending,,
docs/redrhex_train_play_guide.md,2124,3,11.5 `play.py` 現在會自動匯出 policy,pending,,
docs/redrhex_train_play_guide.md,2136,2,12. 最容易踩的坑,pending,,
docs/redrhex_train_play_guide.md,2138,2,12.1 把 TensorBoard 檔案當 checkpoint,pending,,
docs/redrhex_train_play_guide.md,2150,2,12.2 `--checkpoint` 只給檔名，但沒給 `--load_run`,pending,,
docs/redrhex_train_play_guide.md,2166,2,12.3 pipeline 續跑時換了 `--run_tag`,pending,,
docs/redrhex_train_play_guide.md,2170,2,12.4 `env.stage=1` 寫法錯了,pending,,
docs/redrhex_train_play_guide.md,2184,2,12.5 鍵盤沒反應,pending,,
docs/redrhex_train_play_guide.md,2192,2,12.6 `omni.platforminfo` 或 CPU 告警很多,pending,,
docs/redrhex_train_play_guide.md,2200,2,12.7 teacher 和 student 混用,pending,,
docs/redrhex_train_play_guide.md,2208,2,12.8 distillation 找不到 teacher checkpoint,pending,,
docs/redrhex_train_play_guide.md,2218,2,12.9 系統沒有 `rg`,pending,,
docs/redrhex_train_play_guide.md,2222,2,12.10 訓練時看起來像被彈飛，不像在走路,pending,,
docs/redrhex_train_play_guide.md,2266,3,你第一個應該做的排查,pending,,
docs/redrhex_train_play_guide.md,2290,3,如果 Stage1 還是很像被炸出去,pending,,
docs/redrhex_train_play_guide.md,2315,3,你該怎麼解讀結果,pending,,
docs/redrhex_train_play_guide.md,2333,3,目前最實用的建議,pending,,
docs/redrhex_train_play_guide.md,2340,2,12.11 `play.py` 的 `--agent` 和 checkpoint 類型不一致,pending,,
docs/redrhex_train_play_guide.md,2410,2,13. 建議工作流,pending,,
docs/redrhex_train_play_guide.md,2412,3,情境 A：第一次接觸專案,pending,,
docs/redrhex_train_play_guide.md,2422,3,情境 B：要做完整 locomotion 能力,pending,,
docs/redrhex_train_play_guide.md,2432,3,情境 C：要研究 teacher-student,pending,,
docs/redrhex_train_play_guide.md,2444,2,14. 最後的實務建議,pending,,
docs/redrhex_train_report.md,0,0,<document>,pending,,
docs/redrhex_train_report.md,1,1,RedRhex 強化學習訓練與獎勵系統改進報告,pending,,
docs/redrhex_train_report.md,3,2,1. 專案背景,pending,,
docs/redrhex_train_report.md,6,2,2. 問題起點與成因,pending,,
docs/redrhex_train_report.md,7,3,2.1 初始問題,pending,,
docs/redrhex_train_report.md,12,3,2.2 問題成因分析,pending,,
docs/redrhex_train_report.md,17,2,3. 參考資料與最佳實踐,pending,,
docs/redrhex_train_report.md,22,2,4. 主要修正流程與邏輯,pending,,
docs/redrhex_train_report.md,23,3,4.1 Bug 修正,pending,,
docs/redrhex_train_report.md,27,3,4.2 行為優化：橫向移動兩階段,pending,,
docs/redrhex_train_report.md,33,3,4.3 獎勵系統大幅重構,pending,,
docs/redrhex_train_report.md,45,3,4.4 訓練驗證與結果,pending,,
docs/redrhex_train_report.md,52,2,5. 舊程式與新程式差異,pending,,
docs/redrhex_train_report.md,62,2,6. 為什麼要這麼做？,pending,,
docs/redrhex_train_report.md,68,2,7. 具體成果與好處,pending,,
docs/redrhex_train_report.md,74,2,8. 未來建議,pending,,
docs/redrhex_train_report.md,79,2,9. 參考資料,pending,,
docs/redrhex_train_report.md,90,2,10. 最重要執行指令（Train / TensorBoard / Play）,pending,,
docs/redrhex_train_report.md,98,2,10.0 目前建議的訓練決策流程,pending,,
docs/redrhex_train_report.md,147,3,10.0.1 補充：正式 forward-only（非 ForwardFast）怎麼做,pending,,
docs/redrhex_train_report.md,236,3,10.0.2 補充：為什麼訓練畫面看起來像被彈飛,pending,,
docs/redrhex_train_report.md,292,3,10.0.3 forward-only baseline -> teacher -> distillation 一條龍流程,pending,,
docs/redrhex_train_report.md,391,3,10.1 Train（ForwardFast）,pending,,
docs/redrhex_train_report.md,405,3,10.2 TensorBoard,pending,,
docs/redrhex_train_report.md,417,3,10.3 Play（讀取最新 checkpoint）,pending,,
docs/sim2real_calibration.md,0,0,<document>,pending,,
docs/sim2real_calibration.md,1,1,RedRHex Sim-to-Real Physics Calibration,pending,,
docs/sim2real_calibration.md,5,2,Current blocking audit result,pending,,
docs/sim2real_calibration.md,11,2,Non-negotiable hardware prerequisites,pending,,
docs/sim2real_calibration.md,25,2,Build the ROS command contract,pending,,
docs/sim2real_calibration.md,37,2,Calibration order and gates,pending,,
docs/sim2real_calibration.md,51,2,Scenario and probe workflow,pending,,
docs/sim2real_calibration.md,81,2,Record raw evidence,pending,,
docs/sim2real_calibration.md,96,2,Import an immutable real episode,pending,,
docs/sim2real_calibration.md,131,2,Run the matching Isaac scenario,pending,,
docs/sim2real_calibration.md,214,2,Compare and generate bounded candidates,pending,,
docs/sim2real_calibration.md,244,2,Build a profile from managed direct measurements,pending,,
docs/sim2real_calibration.md,292,2,Profile validation and explicit use,pending,,
docs/sim2real_calibration.md,314,2,Promotion gate,pending,,
docs/superpowers/plans/2026-06-19-reward-agent-cli-trial-launch.md,0,0,<document>,pending,,
docs/superpowers/plans/2026-06-19-reward-agent-cli-trial-launch.md,1,1,Reward Agent CLI Trial Launch Implementation Plan,pending,,
docs/superpowers/plans/2026-06-19-reward-agent-cli-trial-launch.md,11,2,Global Constraints,pending,,
docs/superpowers/plans/2026-06-19-reward-agent-cli-trial-launch.md,23,2,File Structure,pending,,
docs/superpowers/plans/2026-06-19-reward-agent-cli-trial-launch.md,32,3,Task 1: Dry-Run Preview and Limit Support,pending,,
docs/superpowers/plans/2026-06-19-reward-agent-cli-trial-launch.md,111,3,Task 2: Panel Registry Launcher Adapter,pending,,
docs/superpowers/plans/2026-06-19-reward-agent-cli-trial-launch.md,161,3,Task 3: Queue-Trials CLI,pending,,
docs/superpowers/plans/2026-06-19-reward-agent-cli-trial-launch.md,257,3,Task 4: Focused Verification and Commit,pending,,
docs/superpowers/plans/2026-06-19-reward-agent-cli-trial-launch.md,290,2,Self-Review Notes,pending,,
docs/superpowers/plans/2026-06-19-reward-agent-foundation.md,0,0,<document>,pending,,
docs/superpowers/plans/2026-06-19-reward-agent-foundation.md,1,1,Reward Agent Foundation Implementation Plan,pending,,
docs/superpowers/plans/2026-06-19-reward-agent-foundation.md,11,2,Global Constraints,pending,,
docs/superpowers/plans/2026-06-19-reward-agent-foundation.md,22,2,File Structure,pending,,
docs/superpowers/plans/2026-06-19-reward-agent-foundation.md,35,3,Task 1: Reward Override Helper,pending,,
docs/superpowers/plans/2026-06-19-reward-agent-foundation.md,193,3,Task 2: Training Params and Train Script Integration,pending,,
docs/superpowers/plans/2026-06-19-reward-agent-foundation.md,282,3,Task 3: Reward Agent Experiment Store,pending,,
docs/superpowers/plans/2026-06-19-reward-agent-foundation.md,455,3,Task 4: Deterministic Evaluator,pending,,
docs/superpowers/plans/2026-06-19-reward-agent-foundation.md,585,3,Task 5: Minimal CLI and Focused Verification,pending,,
docs/superpowers/plans/2026-06-19-reward-agent-foundation.md,680,2,Self-Review Notes,pending,,
docs/superpowers/plans/2026-06-19-reward-agent-weight-tuning.md,0,0,<document>,pending,,
docs/superpowers/plans/2026-06-19-reward-agent-weight-tuning.md,1,1,Reward Agent Weight Tuning Implementation Plan,pending,,
docs/superpowers/plans/2026-06-19-reward-agent-weight-tuning.md,11,2,Global Constraints,pending,,
docs/superpowers/plans/2026-06-19-reward-agent-weight-tuning.md,22,2,File Structure,pending,,
docs/superpowers/plans/2026-06-19-reward-agent-weight-tuning.md,35,3,Task 1: Candidate Planner,pending,,
docs/superpowers/plans/2026-06-19-reward-agent-weight-tuning.md,106,3,"Task 2: Store Candidates, Evaluations, and Reports",pending,,
docs/superpowers/plans/2026-06-19-reward-agent-weight-tuning.md,156,3,Task 3: Queue Candidate Trials,pending,,
docs/superpowers/plans/2026-06-19-reward-agent-weight-tuning.md,231,3,Task 4: Rank Evaluations and Build Reports,pending,,
docs/superpowers/plans/2026-06-19-reward-agent-weight-tuning.md,295,3,Task 5: CLI for Session Creation and Candidate Proposal,pending,,
docs/superpowers/plans/2026-06-19-reward-agent-weight-tuning.md,395,2,Self-Review Notes,pending,,
docs/superpowers/plans/2026-07-13-sim2real-calibration-mvp.md,0,0,<document>,pending,,
docs/superpowers/plans/2026-07-13-sim2real-calibration-mvp.md,1,1,RedRHex Sim-to-Real Physics Calibration MVP Implementation Plan,pending,,
docs/superpowers/plans/2026-07-13-sim2real-calibration-mvp.md,11,2,Global Constraints,pending,,
docs/superpowers/plans/2026-07-13-sim2real-calibration-mvp.md,22,3,"Task 1: Pure Calibration Contracts, Metrics, Scenarios, and CLI",pending,,
docs/superpowers/plans/2026-07-13-sim2real-calibration-mvp.md,26,3,Task 2: ROS Fail-Safe Commanding and Main-Drive Probe,pending,,
docs/superpowers/plans/2026-07-13-sim2real-calibration-mvp.md,30,3,Task 3: Isaac Characterization Runner and Explicit Profile Integration,pending,,
docs/superpowers/plans/2026-07-13-sim2real-calibration-mvp.md,34,3,Task 4: Integrated Verification and Documentation,pending,,
docs/superpowers/plans/2026-08-01-windows-remote-launcher.md,0,0,<document>,pending,,
docs/superpowers/plans/2026-08-01-windows-remote-launcher.md,1,1,RedRHex Windows Remote Launcher Implementation Plan,pending,,
docs/superpowers/plans/2026-08-01-windows-remote-launcher.md,11,2,Global Constraints,pending,,
docs/superpowers/plans/2026-08-01-windows-remote-launcher.md,24,3,Task 1: Self-installing Windows launcher,pending,,
docs/superpowers/specs/2026-06-19-reward-agent-lab-design.md,0,0,<document>,pending,,
docs/superpowers/specs/2026-06-19-reward-agent-lab-design.md,1,1,Reward Agent Lab Design,pending,,
docs/superpowers/specs/2026-06-19-reward-agent-lab-design.md,3,2,Context,pending,,
docs/superpowers/specs/2026-06-19-reward-agent-lab-design.md,9,2,Goals,pending,,
docs/superpowers/specs/2026-06-19-reward-agent-lab-design.md,18,2,Non-Goals,pending,,
docs/superpowers/specs/2026-06-19-reward-agent-lab-design.md,26,2,Architecture,pending,,
docs/superpowers/specs/2026-06-19-reward-agent-lab-design.md,67,2,Existing-Code Fit,pending,,
docs/superpowers/specs/2026-06-19-reward-agent-lab-design.md,73,2,Data Model,pending,,
docs/superpowers/specs/2026-06-19-reward-agent-lab-design.md,99,2,Workflow,pending,,
docs/superpowers/specs/2026-06-19-reward-agent-lab-design.md,112,2,Evaluator,pending,,
docs/superpowers/specs/2026-06-19-reward-agent-lab-design.md,139,2,Agent Behavior,pending,,
docs/superpowers/specs/2026-06-19-reward-agent-lab-design.md,162,2,Code Proposal Safety,pending,,
docs/superpowers/specs/2026-06-19-reward-agent-lab-design.md,191,2,UI,pending,,
docs/superpowers/specs/2026-06-19-reward-agent-lab-design.md,216,2,Milestones,pending,,
docs/superpowers/specs/2026-06-19-reward-agent-lab-design.md,218,3,Milestone 1: Foundation,pending,,
docs/superpowers/specs/2026-06-19-reward-agent-lab-design.md,225,3,Milestone 2: Weight-Tuning Agent,pending,,
docs/superpowers/specs/2026-06-19-reward-agent-lab-design.md,232,3,Milestone 3: Code Proposal Agent,pending,,
docs/superpowers/specs/2026-06-19-reward-agent-lab-design.md,239,3,Milestone 4: Panel Integration,pending,,
docs/superpowers/specs/2026-06-19-reward-agent-lab-design.md,246,2,Testing,pending,,
docs/superpowers/specs/2026-06-19-reward-agent-lab-design.md,260,2,Failure Behavior,pending,,
docs/superpowers/specs/2026-06-19-reward-agent-lab-design.md,269,2,Approval Status,pending,,
docs/superpowers/specs/2026-08-01-windows-remote-launcher-design.md,0,0,<document>,pending,,
docs/superpowers/specs/2026-08-01-windows-remote-launcher-design.md,1,1,RedRHex Windows Remote Launcher Design,pending,,
docs/superpowers/specs/2026-08-01-windows-remote-launcher-design.md,3,2,Goal,pending,,
docs/superpowers/specs/2026-08-01-windows-remote-launcher-design.md,7,2,Scope,pending,,
docs/superpowers/specs/2026-08-01-windows-remote-launcher-design.md,11,2,Deliverable,pending,,
docs/superpowers/specs/2026-08-01-windows-remote-launcher-design.md,15,2,Connection Configuration,pending,,
docs/superpowers/specs/2026-08-01-windows-remote-launcher-design.md,28,2,Launch Flow,pending,,
docs/superpowers/specs/2026-08-01-windows-remote-launcher-design.md,37,2,Error Handling,pending,,
docs/superpowers/specs/2026-08-01-windows-remote-launcher-design.md,44,2,Installation and Removal,pending,,
docs/superpowers/specs/2026-08-01-windows-remote-launcher-design.md,53,2,Verification,pending,,
ros2_ws/src/redrhex_rl_controller/README.md,0,0,<document>,pending,,
ros2_ws/src/redrhex_rl_controller/README.md,1,1,RedRhex ROS2 ONNX Deployment Stack,pending,,
ros2_ws/src/redrhex_rl_controller/README.md,11,2,架構,pending,,
ros2_ws/src/redrhex_rl_controller/README.md,28,2,Lite3_rl_deploy 參考點,pending,,
ros2_ws/src/redrhex_rl_controller/README.md,42,2,明天一步一步操作手冊,pending,,
ros2_ws/src/redrhex_rl_controller/README.md,46,2,現場快速總覽,pending,,
ros2_ws/src/redrhex_rl_controller/README.md,145,2,你的真機硬體回授假設,pending,,
ros2_ws/src/redrhex_rl_controller/README.md,180,3,0. 明天出門前先準備,pending,,
ros2_ws/src/redrhex_rl_controller/README.md,285,3,1. 在 Jetson 安裝基本環境,pending,,
ros2_ws/src/redrhex_rl_controller/README.md,326,3,2. 把 policy.onnx 放到固定位置,pending,,
ros2_ws/src/redrhex_rl_controller/README.md,347,3,3. 檢查 ONNX，不接任何硬體,pending,,
ros2_ws/src/redrhex_rl_controller/README.md,375,3,4. Build ROS2 workspace,pending,,
ros2_ws/src/redrhex_rl_controller/README.md,417,3,5. 第一次跑 ROS2 graph，只用 mock，不插馬達電源,pending,,
ros2_ws/src/redrhex_rl_controller/README.md,514,3,6. 確認 policy 和馬達輸出都不會自動接管,pending,,
ros2_ws/src/redrhex_rl_controller/README.md,533,3,7. 接 BioRoLaROS2 / sbRIO heartbeat，但仍不要插馬達主電源,pending,,
ros2_ws/src/redrhex_rl_controller/README.md,649,4,R-Slip / sbRIO 真機啟動順序,pending,,
ros2_ws/src/redrhex_rl_controller/README.md,979,4,BioRoLaROS2 adapter 校正順序,pending,,
ros2_ws/src/redrhex_rl_controller/README.md,1134,3,8. 手動送 disable，確認低階板收到「不出力」,pending,,
ros2_ws/src/redrhex_rl_controller/README.md,1166,3,9. 低功率 INIT_STAND，先架空或不插主電源,pending,,
ros2_ws/src/redrhex_rl_controller/README.md,1202,3,10. 單顆 ABAD 測試,pending,,
ros2_ws/src/redrhex_rl_controller/README.md,1245,3,11. 六顆 ABAD 小角度同步測試,pending,,
ros2_ws/src/redrhex_rl_controller/README.md,1273,3,12. 單顆 main drive 低速測試,pending,,
ros2_ws/src/redrhex_rl_controller/README.md,1312,4,12.1 固定 sim-to-real 物理標定 probe,pending,,
ros2_ws/src/redrhex_rl_controller/README.md,1370,3,13. 架空整機，先只跑 controller 的 INIT_STAND,pending,,
ros2_ws/src/redrhex_rl_controller/README.md,1439,3,13.5 如果馬達方向或 encoder zero 錯了,pending,,
ros2_ws/src/redrhex_rl_controller/README.md,1466,3,14. 架空整機，低風險 policy run,pending,,
ros2_ws/src/redrhex_rl_controller/README.md,1503,3,15. 架空整機，給很小的 forward command,pending,,
ros2_ws/src/redrhex_rl_controller/README.md,1514,3,16. 落地前 checklist,pending,,
ros2_ws/src/redrhex_rl_controller/README.md,1535,3,17. 第一次落地,pending,,
ros2_ws/src/redrhex_rl_controller/README.md,1565,3,18. 一出問題你該怎麼辦,pending,,
ros2_ws/src/redrhex_rl_controller/README.md,1609,2,已確認,pending,,
ros2_ws/src/redrhex_rl_controller/README.md,1625,2,仍未知 / TODO,pending,,
ros2_ws/src/redrhex_rl_controller/README.md,1635,2,Jetson 安裝假設,pending,,
ros2_ws/src/redrhex_rl_controller/README.md,1656,2,policy.onnx 放置方式,pending,,
ros2_ws/src/redrhex_rl_controller/README.md,1676,2,你現在只有 .onnx，第一步怎麼做,pending,,
ros2_ws/src/redrhex_rl_controller/README.md,1694,2,Build,pending,,
ros2_ws/src/redrhex_rl_controller/README.md,1702,2,Mock mode 測試,pending,,
ros2_ws/src/redrhex_rl_controller/README.md,1733,2,切換 low-level bridge,pending,,
ros2_ws/src/redrhex_rl_controller/README.md,1872,2,Observation order,pending,,
ros2_ws/src/redrhex_rl_controller/README.md,1912,2,Joint order,pending,,
ros2_ws/src/redrhex_rl_controller/README.md,1942,2,Action decoding summary,pending,,
ros2_ws/src/redrhex_rl_controller/README.md,1958,2,真機測試順序,pending,,
ros2_ws/src/redrhex_rl_controller/README.md,1972,2,已知風險,pending,,
ros2_ws/src/redrhex_rl_controller/README.md,1984,2,Offline consistency,pending,,
source/RedRhex/docs/CHANGELOG.rst,0,0,<document>,pending,,
source/RedRhex/docs/CHANGELOG.rst,1,1,Changelog,pending,,
source/RedRhex/docs/CHANGELOG.rst,4,2,0.1.0 (2026-01-31),pending,,
source/RedRhex/docs/CHANGELOG.rst,7,3,Added,pending,,
tools/training_panel/README.md,0,0,<document>,pending,,
tools/training_panel/README.md,1,1,RedRHex Training Panel,pending,,
tools/training_panel/README.md,9,2,Documentation,pending,,
tools/training_panel/README.md,19,2,Run,pending,,
tools/training_panel/README.md,60,2,V3.0 Remote Team Mode,pending,,
tools/training_panel/README.md,104,3,Start The Remote Worker,pending,,
tools/training_panel/README.md,230,2,Scope,pending,,
tools/training_panel/docs/CHANGELOG_EN.md,0,0,<document>,pending,,
tools/training_panel/docs/CHANGELOG_EN.md,1,1,RedRHex Training Panel Changelog,pending,,
tools/training_panel/docs/CHANGELOG_EN.md,12,2,Unreleased / Next,pending,,
tools/training_panel/docs/CHANGELOG_EN.md,16,2,V3.4.3 History Sync Repair,pending,,
tools/training_panel/docs/CHANGELOG_EN.md,18,3,Fixed,pending,,
tools/training_panel/docs/CHANGELOG_EN.md,24,2,V3.4.2 Folder Sync + Notification Reliability,pending,,
tools/training_panel/docs/CHANGELOG_EN.md,26,3,Added,pending,,
tools/training_panel/docs/CHANGELOG_EN.md,31,3,Fixed,pending,,
tools/training_panel/docs/CHANGELOG_EN.md,36,3,Notes,pending,,
tools/training_panel/docs/CHANGELOG_EN.md,40,2,V3.4.1 Child Video + Dropdown Polish,pending,,
tools/training_panel/docs/CHANGELOG_EN.md,42,3,Changed,pending,,
tools/training_panel/docs/CHANGELOG_EN.md,49,3,Fixed,pending,,
tools/training_panel/docs/CHANGELOG_EN.md,55,2,V3.4 First Release,pending,,
tools/training_panel/docs/CHANGELOG_EN.md,57,3,Added,pending,,
tools/training_panel/docs/CHANGELOG_EN.md,64,3,Changed,pending,,
tools/training_panel/docs/CHANGELOG_EN.md,69,3,Fixed,pending,,
tools/training_panel/docs/CHANGELOG_EN.md,75,2,V3.2.1 Terrain Stack,pending,,
tools/training_panel/docs/CHANGELOG_EN.md,77,3,Added,pending,,
tools/training_panel/docs/CHANGELOG_EN.md,84,3,Changed,pending,,
tools/training_panel/docs/CHANGELOG_EN.md,90,3,Fixed,pending,,
tools/training_panel/docs/CHANGELOG_EN.md,96,2,V3.2.0 Remote Refinement,pending,,
tools/training_panel/docs/CHANGELOG_EN.md,98,3,Added,pending,,
tools/training_panel/docs/CHANGELOG_EN.md,105,3,Changed,pending,,
tools/training_panel/docs/CHANGELOG_EN.md,111,3,Fixed,pending,,
tools/training_panel/docs/CHANGELOG_EN.md,116,2,V3.1.x Child Phone UX,pending,,
tools/training_panel/docs/CHANGELOG_EN.md,118,3,Added,pending,,
tools/training_panel/docs/CHANGELOG_EN.md,126,3,Changed,pending,,
tools/training_panel/docs/CHANGELOG_EN.md,131,3,Fixed,pending,,
tools/training_panel/docs/CHANGELOG_EN.md,137,2,V3.0 Remote Team System,pending,,
tools/training_panel/docs/CHANGELOG_EN.md,139,3,Added,pending,,
tools/training_panel/docs/CHANGELOG_EN.md,160,3,Changed,pending,,
tools/training_panel/docs/CHANGELOG_EN.md,165,3,Notes,pending,,
tools/training_panel/docs/CHANGELOG_EN.md,170,2,V2.x Remote Foundations,pending,,
tools/training_panel/docs/CHANGELOG_EN.md,172,3,Added,pending,,
tools/training_panel/docs/CHANGELOG_EN.md,182,3,Fixed,pending,,
tools/training_panel/docs/CHANGELOG_EN.md,188,2,V1.1 Local Power Tools,pending,,
tools/training_panel/docs/CHANGELOG_EN.md,190,3,Added,pending,,
tools/training_panel/docs/CHANGELOG_EN.md,197,3,Changed,pending,,
tools/training_panel/docs/CHANGELOG_EN.md,201,2,V1.0 Local Training Panel,pending,,
tools/training_panel/docs/CHANGELOG_EN.md,203,3,Added,pending,,
tools/training_panel/docs/CHANGELOG_EN.md,216,3,Notes,pending,,
tools/training_panel/docs/CHANGELOG_EN.md,220,2,Changelog Rules For Future Us,pending,,
tools/training_panel/docs/CHANGELOG_ZH.md,0,0,<document>,pending,,
tools/training_panel/docs/CHANGELOG_ZH.md,1,1,RedRHex Training Panel 更新紀錄,pending,,
tools/training_panel/docs/CHANGELOG_ZH.md,12,2,Unreleased / Next,pending,,
tools/training_panel/docs/CHANGELOG_ZH.md,16,2,V3.4.3 History Sync Repair,pending,,
tools/training_panel/docs/CHANGELOG_ZH.md,18,3,Fixed,pending,,
tools/training_panel/docs/CHANGELOG_ZH.md,24,2,V3.4.2 Folder Sync + Notification Reliability,pending,,
tools/training_panel/docs/CHANGELOG_ZH.md,26,3,Added,pending,,
tools/training_panel/docs/CHANGELOG_ZH.md,31,3,Fixed,pending,,
tools/training_panel/docs/CHANGELOG_ZH.md,36,3,Notes,pending,,
tools/training_panel/docs/CHANGELOG_ZH.md,40,2,V3.4.1 Child Video + Dropdown Polish,pending,,
tools/training_panel/docs/CHANGELOG_ZH.md,42,3,Changed,pending,,
tools/training_panel/docs/CHANGELOG_ZH.md,49,3,Fixed,pending,,
tools/training_panel/docs/CHANGELOG_ZH.md,55,2,V3.4 First Release,pending,,
tools/training_panel/docs/CHANGELOG_ZH.md,57,3,Added,pending,,
tools/training_panel/docs/CHANGELOG_ZH.md,64,3,Changed,pending,,
tools/training_panel/docs/CHANGELOG_ZH.md,69,3,Fixed,pending,,
tools/training_panel/docs/CHANGELOG_ZH.md,75,2,V3.2.1 Terrain Stack,pending,,
tools/training_panel/docs/CHANGELOG_ZH.md,77,3,Added,pending,,
tools/training_panel/docs/CHANGELOG_ZH.md,84,3,Changed,pending,,
tools/training_panel/docs/CHANGELOG_ZH.md,90,3,Fixed,pending,,
tools/training_panel/docs/CHANGELOG_ZH.md,96,2,V3.2.0 Remote Refinement,pending,,
tools/training_panel/docs/CHANGELOG_ZH.md,98,3,Added,pending,,
tools/training_panel/docs/CHANGELOG_ZH.md,105,3,Changed,pending,,
tools/training_panel/docs/CHANGELOG_ZH.md,111,3,Fixed,pending,,
tools/training_panel/docs/CHANGELOG_ZH.md,116,2,V3.1.x Child Phone UX,pending,,
tools/training_panel/docs/CHANGELOG_ZH.md,118,3,Added,pending,,
tools/training_panel/docs/CHANGELOG_ZH.md,126,3,Changed,pending,,
tools/training_panel/docs/CHANGELOG_ZH.md,131,3,Fixed,pending,,
tools/training_panel/docs/CHANGELOG_ZH.md,137,2,V3.0 Remote Team System,pending,,
tools/training_panel/docs/CHANGELOG_ZH.md,139,3,Added,pending,,
tools/training_panel/docs/CHANGELOG_ZH.md,160,3,Changed,pending,,
tools/training_panel/docs/CHANGELOG_ZH.md,165,3,Notes,pending,,
tools/training_panel/docs/CHANGELOG_ZH.md,170,2,V2.x Remote Foundations,pending,,
tools/training_panel/docs/CHANGELOG_ZH.md,172,3,Added,pending,,
tools/training_panel/docs/CHANGELOG_ZH.md,182,3,Fixed,pending,,
tools/training_panel/docs/CHANGELOG_ZH.md,188,2,V1.1 Local Power Tools,pending,,
tools/training_panel/docs/CHANGELOG_ZH.md,190,3,Added,pending,,
tools/training_panel/docs/CHANGELOG_ZH.md,197,3,Changed,pending,,
tools/training_panel/docs/CHANGELOG_ZH.md,201,2,V1.0 Local Training Panel,pending,,
tools/training_panel/docs/CHANGELOG_ZH.md,203,3,Added,pending,,
tools/training_panel/docs/CHANGELOG_ZH.md,216,3,Notes,pending,,
tools/training_panel/docs/CHANGELOG_ZH.md,220,2,未來更新紀錄規則,pending,,
tools/training_panel/docs/DEPLOY_READINESS_GUIDE.md,0,0,<document>,pending,,
tools/training_panel/docs/DEPLOY_READINESS_GUIDE.md,1,1,RedRHex Deploy Readiness Guide,pending,,
tools/training_panel/docs/DEPLOY_READINESS_GUIDE.md,5,2,Readiness Levels,pending,,
tools/training_panel/docs/DEPLOY_READINESS_GUIDE.md,13,2,Runtime Environment,pending,,
tools/training_panel/docs/DEPLOY_READINESS_GUIDE.md,21,2,Stage Meaning,pending,,
tools/training_panel/docs/DEPLOY_READINESS_GUIDE.md,32,2,Panel Workflow,pending,,
tools/training_panel/docs/DEPLOY_READINESS_GUIDE.md,75,2,MuJoCo Calibration,pending,,
tools/training_panel/docs/DEPLOY_READINESS_GUIDE.md,90,2,Jetson Handoff,pending,,
tools/training_panel/docs/DEPLOY_READINESS_GUIDE.md,113,2,Hardware Bring-Up Gate,pending,,
tools/training_panel/docs/DEPLOY_READINESS_GUIDE.md,124,2,Rollback,pending,,
tools/training_panel/docs/DEPLOY_READINESS_GUIDE.md,134,2,Troubleshooting,pending,,
tools/training_panel/docs/MANUAL_EN.md,0,0,<document>,pending,,
tools/training_panel/docs/MANUAL_EN.md,1,1,RedRHex Training Panel Manual,pending,,
tools/training_panel/docs/MANUAL_EN.md,8,2,1. What This Is,pending,,
tools/training_panel/docs/MANUAL_EN.md,19,2,2. Start Mother,pending,,
tools/training_panel/docs/MANUAL_EN.md,47,2,3. Normal Training Workflow,pending,,
tools/training_panel/docs/MANUAL_EN.md,57,3,Queue Behavior,pending,,
tools/training_panel/docs/MANUAL_EN.md,70,2,4. Rewards,pending,,
tools/training_panel/docs/MANUAL_EN.md,83,2,5. Terrain,pending,,
tools/training_panel/docs/MANUAL_EN.md,96,2,6. History,pending,,
tools/training_panel/docs/MANUAL_EN.md,122,2,7. Process Console,pending,,
tools/training_panel/docs/MANUAL_EN.md,139,2,8. Videos,pending,,
tools/training_panel/docs/MANUAL_EN.md,157,2,9. ONNX Export,pending,,
tools/training_panel/docs/MANUAL_EN.md,173,2,10. Compact Run,pending,,
tools/training_panel/docs/MANUAL_EN.md,195,2,11. RedRHex To Go,pending,,
tools/training_panel/docs/MANUAL_EN.md,223,2,12. Remote Worker,pending,,
tools/training_panel/docs/MANUAL_EN.md,245,2,13. Roles,pending,,
tools/training_panel/docs/MANUAL_EN.md,253,2,14. Notifications,pending,,
tools/training_panel/docs/MANUAL_EN.md,271,2,15. Activity,pending,,
tools/training_panel/docs/MANUAL_EN.md,287,2,16. Deploy Readiness,pending,,
tools/training_panel/docs/MANUAL_EN.md,299,2,17. Troubleshooting,pending,,
tools/training_panel/docs/MANUAL_EN.md,301,3,Port Already In Use,pending,,
tools/training_panel/docs/MANUAL_EN.md,311,3,GPU Out Of Memory,pending,,
tools/training_panel/docs/MANUAL_EN.md,329,3,No Checkpoint,pending,,
tools/training_panel/docs/MANUAL_EN.md,335,3,Video Missing,pending,,
tools/training_panel/docs/MANUAL_EN.md,346,3,Child Says Offline,pending,,
tools/training_panel/docs/MANUAL_EN.md,356,2,18. Maintenance Checklist,pending,,
tools/training_panel/docs/MANUAL_ZH.md,0,0,<document>,pending,,
tools/training_panel/docs/MANUAL_ZH.md,1,1,RedRHex Training Panel 使用手冊,pending,,
tools/training_panel/docs/MANUAL_ZH.md,8,2,1. 這是什麼,pending,,
tools/training_panel/docs/MANUAL_ZH.md,19,2,2. 啟動 Mother,pending,,
tools/training_panel/docs/MANUAL_ZH.md,47,2,3. 一般訓練流程,pending,,
tools/training_panel/docs/MANUAL_ZH.md,57,3,佇列規則,pending,,
tools/training_panel/docs/MANUAL_ZH.md,70,2,4. Rewards,pending,,
tools/training_panel/docs/MANUAL_ZH.md,83,2,5. Terrain,pending,,
tools/training_panel/docs/MANUAL_ZH.md,102,2,6. History,pending,,
tools/training_panel/docs/MANUAL_ZH.md,128,2,7. Process Console,pending,,
tools/training_panel/docs/MANUAL_ZH.md,145,2,8. Videos,pending,,
tools/training_panel/docs/MANUAL_ZH.md,163,2,9. ONNX 匯出,pending,,
tools/training_panel/docs/MANUAL_ZH.md,179,2,10. Compact Run,pending,,
tools/training_panel/docs/MANUAL_ZH.md,201,2,11. RedRHex To Go,pending,,
tools/training_panel/docs/MANUAL_ZH.md,229,2,12. Remote Worker,pending,,
tools/training_panel/docs/MANUAL_ZH.md,251,2,13. 權限角色,pending,,
tools/training_panel/docs/MANUAL_ZH.md,259,2,14. 通知,pending,,
tools/training_panel/docs/MANUAL_ZH.md,277,2,15. Activity,pending,,
tools/training_panel/docs/MANUAL_ZH.md,293,2,16. Deploy Readiness,pending,,
tools/training_panel/docs/MANUAL_ZH.md,305,2,17. 疑難排解,pending,,
tools/training_panel/docs/MANUAL_ZH.md,307,3,Port Already In Use,pending,,
tools/training_panel/docs/MANUAL_ZH.md,317,3,GPU Out Of Memory,pending,,
tools/training_panel/docs/MANUAL_ZH.md,335,3,No Checkpoint,pending,,
tools/training_panel/docs/MANUAL_ZH.md,341,3,Video Missing,pending,,
tools/training_panel/docs/MANUAL_ZH.md,352,3,Child 顯示 Offline,pending,,
tools/training_panel/docs/MANUAL_ZH.md,362,2,18. 維護清單,pending,,
tools/training_panel/docs/PANEL_PORTING_AGENT_GUIDE.md,0,0,<document>,pending,,
tools/training_panel/docs/PANEL_PORTING_AGENT_GUIDE.md,1,1,Training Panel Porting Guide for AI Agents,pending,,
tools/training_panel/docs/PANEL_PORTING_AGENT_GUIDE.md,13,2,Files to Port,pending,,
tools/training_panel/docs/PANEL_PORTING_AGENT_GUIDE.md,32,2,Panel Configuration Contract,pending,,
tools/training_panel/docs/PANEL_PORTING_AGENT_GUIDE.md,60,2,`train.py` Required Contract,pending,,
tools/training_panel/docs/PANEL_PORTING_AGENT_GUIDE.md,77,3,Required Log Lines,pending,,
tools/training_panel/docs/PANEL_PORTING_AGENT_GUIDE.md,88,3,Required Log Layout,pending,,
tools/training_panel/docs/PANEL_PORTING_AGENT_GUIDE.md,121,3,Panel Overrides,pending,,
tools/training_panel/docs/PANEL_PORTING_AGENT_GUIDE.md,159,3,Resume Behavior,pending,,
tools/training_panel/docs/PANEL_PORTING_AGENT_GUIDE.md,174,3,Git State Safety,pending,,
tools/training_panel/docs/PANEL_PORTING_AGENT_GUIDE.md,185,2,`play.py` Required Contract,pending,,
tools/training_panel/docs/PANEL_PORTING_AGENT_GUIDE.md,210,3,Video Recording,pending,,
tools/training_panel/docs/PANEL_PORTING_AGENT_GUIDE.md,240,3,Checkpoint Resolution,pending,,
tools/training_panel/docs/PANEL_PORTING_AGENT_GUIDE.md,263,3,Terrain Replay,pending,,
tools/training_panel/docs/PANEL_PORTING_AGENT_GUIDE.md,279,3,Policy Export,pending,,
tools/training_panel/docs/PANEL_PORTING_AGENT_GUIDE.md,292,2,History and Media Contract,pending,,
tools/training_panel/docs/PANEL_PORTING_AGENT_GUIDE.md,303,2,Child Web and Remote Worker Contract,pending,,
tools/training_panel/docs/PANEL_PORTING_AGENT_GUIDE.md,331,2,Robot-Specific Parts You Can Replace,pending,,
tools/training_panel/docs/PANEL_PORTING_AGENT_GUIDE.md,345,2,Porting Sequence,pending,,
tools/training_panel/docs/PANEL_PORTING_AGENT_GUIDE.md,357,2,Validation Commands,pending,,
tools/training_panel/docs/PANEL_PORTING_AGENT_GUIDE.md,392,2,Common Failure Symptoms,pending,,
tools/training_panel/docs/REDRHEX_TO_GO_MANUAL_ZH.md,0,0,<document>,pending,,
tools/training_panel/docs/REDRHEX_TO_GO_MANUAL_ZH.md,1,1,RedRHex To Go 中文使用手冊,pending,,
tools/training_panel/docs/REDRHEX_TO_GO_MANUAL_ZH.md,17,2,1. 使用前檢查,pending,,
tools/training_panel/docs/REDRHEX_TO_GO_MANUAL_ZH.md,40,2,2. 角色權限,pending,,
tools/training_panel/docs/REDRHEX_TO_GO_MANUAL_ZH.md,63,2,3. 選單導覽,pending,,
tools/training_panel/docs/REDRHEX_TO_GO_MANUAL_ZH.md,101,2,4. 登入,pending,,
tools/training_panel/docs/REDRHEX_TO_GO_MANUAL_ZH.md,116,2,5. 開始訓練,pending,,
tools/training_panel/docs/REDRHEX_TO_GO_MANUAL_ZH.md,149,2,6. Reward 使用方式,pending,,
tools/training_panel/docs/REDRHEX_TO_GO_MANUAL_ZH.md,175,2,7. Terrain 使用方式,pending,,
tools/training_panel/docs/REDRHEX_TO_GO_MANUAL_ZH.md,189,2,8. History：資料夾與 Run,pending,,
tools/training_panel/docs/REDRHEX_TO_GO_MANUAL_ZH.md,222,2,9. 影片播放,pending,,
tools/training_panel/docs/REDRHEX_TO_GO_MANUAL_ZH.md,250,2,10. ONNX 匯出,pending,,
tools/training_panel/docs/REDRHEX_TO_GO_MANUAL_ZH.md,266,2,11. Notes、名稱與同步,pending,,
tools/training_panel/docs/REDRHEX_TO_GO_MANUAL_ZH.md,289,2,12. Connection 頁怎麼看,pending,,
tools/training_panel/docs/REDRHEX_TO_GO_MANUAL_ZH.md,327,2,13. 常見問題,pending,,
tools/training_panel/docs/REDRHEX_TO_GO_MANUAL_ZH.md,329,3,我按 Train，為什麼一直 queued？,pending,,
tools/training_panel/docs/REDRHEX_TO_GO_MANUAL_ZH.md,338,3,我看不到影片,pending,,
tools/training_panel/docs/REDRHEX_TO_GO_MANUAL_ZH.md,348,3,我可以登入，但不能改 reward,pending,,
tools/training_panel/docs/REDRHEX_TO_GO_MANUAL_ZH.md,352,3,History 沒同步,pending,,
tools/training_panel/docs/REDRHEX_TO_GO_MANUAL_ZH.md,361,3,我需要看 terminal log,pending,,
tools/training_panel/docs/REDRHEX_TO_GO_MANUAL_ZH.md,367,2,14. 團隊使用禮儀,pending,,
tools/training_panel/docs/REDRHEX_TO_GO_MANUAL_ZH.md,379,2,15. 最短操作流程,pending,,
